{
  "runs": 4000,
  "probs": {
    "Mexico": {
      "R32": 0.98275,
      "R16": 0.5885,
      "QF": 0.21275,
      "SF": 0.078,
      "FINAL": 0.027,
      "CHAMPION": 0.00825
    },
    "South Africa": {
      "R32": 0.35125,
      "R16": 0.0965,
      "QF": 0.019,
      "SF": 0.00325,
      "FINAL": 0.00025,
      "CHAMPION": 0.0
    },
    "South Korea": {
      "R32": 0.9345,
      "R16": 0.4555,
      "QF": 0.13875,
      "SF": 0.0425,
      "FINAL": 0.01175,
      "CHAMPION": 0.00325
    },
    "Czechia": {
      "R32": 0.42575,
      "R16": 0.16175,
      "QF": 0.04425,
      "SF": 0.01025,
      "FINAL": 0.0015,
      "CHAMPION": 0.0
    },
    "Canada": {
      "R32": 0.75925,
      "R16": 0.3755,
      "QF": 0.134,
      "SF": 0.0365,
      "FINAL": 0.01225,
      "CHAMPION": 0.00375
    },
    "Bosnia and Herzegovina": {
      "R32": 0.5855,
      "R16": 0.23,
      "QF": 0.0595,
      "SF": 0.0115,
      "FINAL": 0.0015,
      "CHAMPION": 0.0005
    },
    "Qatar": {
      "R32": 0.57875,
      "R16": 0.194,
      "QF": 0.05025,
      "SF": 0.01125,
      "FINAL": 0.002,
      "CHAMPION": 0.00025
    },
    "Switzerland": {
      "R32": 0.739,
      "R16": 0.38675,
      "QF": 0.148,
      "SF": 0.0505,
      "FINAL": 0.01775,
      "CHAMPION": 0.00725
    },
    "Brazil": {
      "R32": 0.97325,
      "R16": 0.60475,
      "QF": 0.41025,
      "SF": 0.2165,
      "FINAL": 0.11425,
      "CHAMPION": 0.05725
    },
    "Morocco": {
      "R32": 0.95925,
      "R16": 0.55525,
      "QF": 0.36275,
      "SF": 0.18125,
      "FINAL": 0.0845,
      "CHAMPION": 0.03525
    },
    "Haiti": {
      "R32": 0.03625,
      "R16": 0.00275,
      "QF": 0.0005,
      "SF": 0.0,
      "FINAL": 0.0,
      "CHAMPION": 0.0
    },
    "Scotland": {
      "R32": 0.7275,
      "R16": 0.194,
      "QF": 0.05525,
      "SF": 0.01775,
      "FINAL": 0.004,
      "CHAMPION": 0.001
    },
    "United States": {
      "R32": 0.987,
      "R16": 0.56625,
      "QF": 0.27075,
      "SF": 0.09975,
      "FINAL": 0.0425,
      "CHAMPION": 0.0155
    },
    "Paraguay": {
      "R32": 0.41375,
      "R16": 0.13775,
      "QF": 0.03525,
      "SF": 0.01025,
      "FINAL": 0.0035,
      "CHAMPION": 0.001
    },
    "Australia": {
      "R32": 0.9455,
      "R16": 0.45925,
      "QF": 0.16125,
      "SF": 0.053,
      "FINAL": 0.0175,
      "CHAMPION": 0.006
    },
    "T\u00fcrkiye": {
      "R32": 0.34925,
      "R16": 0.12975,
      "QF": 0.045,
      "SF": 0.01075,
      "FINAL": 0.00275,
      "CHAMPION": 0.00075
    },
    "Germany": {
      "R32": 0.99775,
      "R16": 0.67025,
      "QF": 0.30575,
      "SF": 0.16475,
      "FINAL": 0.07725,
      "CHAMPION": 0.03125
    },
    "Cura\u00e7ao": {
      "R32": 0.08725,
      "R16": 0.01725,
      "QF": 0.00225,
      "SF": 0.0,
      "FINAL": 0.0,
      "CHAMPION": 0.0
    },
    "C\u00f4te d'Ivoire": {
      "R32": 0.9635,
      "R16": 0.42125,
      "QF": 0.122,
      "SF": 0.0405,
      "FINAL": 0.0135,
      "CHAMPION": 0.00325
    },
    "Ecuador": {
      "R32": 0.6475,
      "R16": 0.313,
      "QF": 0.11725,
      "SF": 0.0375,
      "FINAL": 0.013,
      "CHAMPION": 0.002
    },
    "Netherlands": {
      "R32": 0.901,
      "R16": 0.48625,
      "QF": 0.31975,
      "SF": 0.16175,
      "FINAL": 0.07875,
      "CHAMPION": 0.03725
    },
    "Japan": {
      "R32": 0.8445,
      "R16": 0.39775,
      "QF": 0.2165,
      "SF": 0.0945,
      "FINAL": 0.03575,
      "CHAMPION": 0.01125
    },
    "Sweden": {
      "R32": 0.96225,
      "R16": 0.36975,
      "QF": 0.157,
      "SF": 0.0535,
      "FINAL": 0.01775,
      "CHAMPION": 0.00525
    },
    "Tunisia": {
      "R32": 0.09775,
      "R16": 0.027,
      "QF": 0.005,
      "SF": 0.002,
      "FINAL": 0.0005,
      "CHAMPION": 0.0005
    },
    "Belgium": {
      "R32": 0.86175,
      "R16": 0.51675,
      "QF": 0.23675,
      "SF": 0.091,
      "FINAL": 0.03725,
      "CHAMPION": 0.0125
    },
    "Egypt": {
      "R32": 0.73475,
      "R16": 0.33025,
      "QF": 0.1075,
      "SF": 0.037,
      "FINAL": 0.01025,
      "CHAMPION": 0.0015
    },
    "Iran": {
      "R32": 0.77875,
      "R16": 0.374,
      "QF": 0.158,
      "SF": 0.05925,
      "FINAL": 0.0175,
      "CHAMPION": 0.00425
    },
    "New Zealand": {
      "R32": 0.33375,
      "R16": 0.09275,
      "QF": 0.019,
      "SF": 0.0035,
      "FINAL": 0.001,
      "CHAMPION": 0.0
    },
    "Spain": {
      "R32": 0.94075,
      "R16": 0.614,
      "QF": 0.40375,
      "SF": 0.28125,
      "FINAL": 0.1615,
      "CHAMPION": 0.07975
    },
    "Cabo Verde": {
      "R32": 0.496,
      "R16": 0.114,
      "QF": 0.0385,
      "SF": 0.01075,
      "FINAL": 0.00175,
      "CHAMPION": 0.00075
    },
    "Saudi Arabia": {
      "R32": 0.4715,
      "R16": 0.117,
      "QF": 0.0395,
      "SF": 0.0135,
      "FINAL": 0.004,
      "CHAMPION": 0.00075
    },
    "Uruguay": {
      "R32": 0.744,
      "R16": 0.31075,
      "QF": 0.1545,
      "SF": 0.07425,
      "FINAL": 0.026,
      "CHAMPION": 0.0095
    },
    "France": {
      "R32": 0.9635,
      "R16": 0.7845,
      "QF": 0.5685,
      "SF": 0.39175,
      "FINAL": 0.24275,
      "CHAMPION": 0.14475
    },
    "Senegal": {
      "R32": 0.6515,
      "R16": 0.3355,
      "QF": 0.143,
      "SF": 0.05275,
      "FINAL": 0.017,
      "CHAMPION": 0.00375
    },
    "Iraq": {
      "R32": 0.29925,
      "R16": 0.08525,
      "QF": 0.02275,
      "SF": 0.00525,
      "FINAL": 0.001,
      "CHAMPION": 0.00025
    },
    "Norway": {
      "R32": 0.722,
      "R16": 0.4035,
      "QF": 0.18125,
      "SF": 0.0705,
      "FINAL": 0.0265,
      "CHAMPION": 0.00875
    },
    "Argentina": {
      "R32": 0.986,
      "R16": 0.77875,
      "QF": 0.64475,
      "SF": 0.49575,
      "FINAL": 0.34225,
      "CHAMPION": 0.231
    },
    "Algeria": {
      "R32": 0.56225,
      "R16": 0.17475,
      "QF": 0.06775,
      "SF": 0.0255,
      "FINAL": 0.0055,
      "CHAMPION": 0.00075
    },
    "Austria": {
      "R32": 0.73675,
      "R16": 0.29025,
      "QF": 0.1405,
      "SF": 0.0565,
      "FINAL": 0.01825,
      "CHAMPION": 0.0055
    },
    "Jordan": {
      "R32": 0.30075,
      "R16": 0.057,
      "QF": 0.013,
      "SF": 0.00325,
      "FINAL": 0.00075,
      "CHAMPION": 0.0005
    },
    "Portugal": {
      "R32": 0.94725,
      "R16": 0.64825,
      "QF": 0.43775,
      "SF": 0.24325,
      "FINAL": 0.13725,
      "CHAMPION": 0.071
    },
    "DR Congo": {
      "R32": 0.35025,
      "R16": 0.08475,
      "QF": 0.02825,
      "SF": 0.009,
      "FINAL": 0.002,
      "CHAMPION": 0.00025
    },
    "Uzbekistan": {
      "R32": 0.37825,
      "R16": 0.09275,
      "QF": 0.02375,
      "SF": 0.00575,
      "FINAL": 0.00125,
      "CHAMPION": 0.0005
    },
    "Colombia": {
      "R32": 0.918,
      "R16": 0.5585,
      "QF": 0.33075,
      "SF": 0.17025,
      "FINAL": 0.08675,
      "CHAMPION": 0.035
    },
    "England": {
      "R32": 0.97675,
      "R16": 0.758,
      "QF": 0.56075,
      "SF": 0.3795,
      "FINAL": 0.2235,
      "CHAMPION": 0.13575
    },
    "Croatia": {
      "R32": 0.863,
      "R16": 0.459,
      "QF": 0.2375,
      "SF": 0.121,
      "FINAL": 0.05325,
      "CHAMPION": 0.02175
    },
    "Ghana": {
      "R32": 0.37925,
      "R16": 0.08825,
      "QF": 0.025,
      "SF": 0.006,
      "FINAL": 0.002,
      "CHAMPION": 0.0005
    },
    "Panama": {
      "R32": 0.354,
      "R16": 0.09075,
      "QF": 0.02425,
      "SF": 0.006,
      "FINAL": 0.00125,
      "CHAMPION": 0.00025
    }
  },
  "champions": {
    "Netherlands": 149,
    "Argentina": 924,
    "England": 543,
    "France": 579,
    "Spain": 319,
    "Colombia": 140,
    "Croatia": 87,
    "Germany": 125,
    "Portugal": 284,
    "Brazil": 229,
    "Morocco": 141,
    "Senegal": 15,
    "Iran": 17,
    "Japan": 45,
    "South Korea": 13,
    "Scotland": 4,
    "Uruguay": 38,
    "Norway": 35,
    "T\u00fcrkiye": 3,
    "Austria": 22,
    "Belgium": 50,
    "Australia": 24,